Doctrine,Survival Rate,Avg Score
balanced,100.0,140.78669357299805
aggressive,99.0,136.93669357299805
fortress,100.0,140.78669357299805
economy,100.0,140.78669357299805
ambush,100.0,140.78669357299805
saturation,100.0,140.78669357299805
scout,100.0,140.78669357299805
