{"numeric_cols": ["num_threats", "avg_dist", "min_dist", "total_val", "fighters", "sams", "drones", "cap_sams", "weather_bin", "blend_ratio"], "doctrine_names": ["primary_doctrine_aggressive", "primary_doctrine_balanced", "primary_doctrine_economy", "primary_doctrine_fortress"], "scaler_mean": [10.35, 947.883467153991, 848.2292555280253, 491.0, 0.0, 0.0, 0.0, 0.0, 0.0, 0.8666666666666667], "scaler_scale": [8.044097214728325, 414.72281102217113, 470.86629935298197, 333.0780689267908, 1.0, 1.0, 1.0, 1.0, 1.0, 0.19720265943665388], "doctrine_categories": ["aggressive", "balanced", "economy", "fortress"]}